{
  "schema": "alberta.step9.guarded_dreaming_benchmark.v1",
  "config": {
    "n_seeds": 10,
    "steps": 2000,
    "phase_shift": 1000,
    "planning_budget": 4,
    "guarded_max_model_error": 0.05,
    "model_error_decay": 0.9,
    "environment": "nonstationary_1state_switching_bandit"
  },
  "real_only": {
    "phase1_mean": 0.8545999999999999,
    "phase2_mean": 0.8412,
    "stderr_phase2": 0.0031837085293726273
  },
  "naive_dyna": {
    "phase1_mean": 0.8513,
    "phase2_mean": 0.8354999999999999,
    "stderr_phase2": 0.003744996662214804,
    "mean_early_adapt_error": 0.1012216293363017
  },
  "guarded_dyna": {
    "phase1_mean": 0.8519,
    "phase2_mean": 0.8472,
    "stderr_phase2": 0.0034750539564156434,
    "mean_early_adapt_error": 0.10161334963189439
  },
  "guard_vs_naive_mean_diff": 0.01170000000000001,
  "guard_wins": 9,
  "n_seeds": 10,
  "wall_clock_s": 79.46968007087708,
  "passed": true
}