{
  "config": {
    "n_seeds": 5,
    "n_states": 5,
    "n_steps": 2000,
    "step_size": 0.05,
    "gammas": [
      0.0,
      0.5,
      0.9,
      0.99
    ],
    "lamdas": [
      0.0,
      0.9,
      0.9,
      0.9
    ],
    "shared_indices": [
      0
    ],
    "independent_indices": [
      1,
      2,
      3
    ]
  },
  "summary": {
    "gamma=0.00": {
      "rmse_mean": 0.0,
      "rmse_std": 0.0,
      "final_pred_mean": 1.0,
      "final_pred_std": 0.0,
      "analytic": 1.0
    },
    "gamma=0.50": {
      "rmse_mean": 0.0,
      "rmse_std": 0.0,
      "final_pred_mean": 2.0,
      "final_pred_std": 0.0,
      "analytic": 2.0
    },
    "gamma=0.90": {
      "rmse_mean": 0.00254383715800941,
      "rmse_std": 1.7705006757933863e-07,
      "final_pred_mean": 9.999999618530273,
      "final_pred_std": 9.725607897935458e-07,
      "analytic": 10.000000000000002
    },
    "gamma=0.99": {
      "rmse_mean": 10.14958839416504,
      "rmse_std": 0.00013429739108854706,
      "final_pred_mean": 99.99998168945312,
      "final_pred_std": 0.0003948637345075518,
      "analytic": 99.99999999999991
    }
  },
  "per_seed": [
    {
      "seed": 0,
      "n_steps": 2000,
      "runtime_s": 0.9551270008087158,
      "finite_metrics": true,
      "finite_errors": true,
      "per_gamma": {
        "gamma=0.00": {
          "rmse": 0.0,
          "final_pred": 1.0,
          "analytic": 1.0,
          "abs_err": 0.0
        },
        "gamma=0.50": {
          "rmse": 0.0,
          "final_pred": 2.0,
          "analytic": 2.0,
          "abs_err": 0.0
        },
        "gamma=0.90": {
          "rmse": 0.0025438976008445024,
          "final_pred": 10.0,
          "analytic": 10.000000000000002,
          "abs_err": 1.7763568394002505e-15
        },
        "gamma=0.99": {
          "rmse": 10.149504661560059,
          "final_pred": 99.99974822998047,
          "analytic": 99.99999999999991,
          "abs_err": 0.00025177001944598487
        }
      },
      "shared_indices": [
        0
      ],
      "independent_indices": [
        1,
        2,
        3
      ]
    },
    {
      "seed": 1,
      "n_steps": 2000,
      "runtime_s": 0.7117559909820557,
      "finite_metrics": true,
      "finite_errors": true,
      "per_gamma": {
        "gamma=0.00": {
          "rmse": 0.0,
          "final_pred": 1.0,
          "analytic": 1.0,
          "abs_err": 0.0
        },
        "gamma=0.50": {
          "rmse": 0.0,
          "final_pred": 2.0,
          "analytic": 2.0,
          "abs_err": 0.0
        },
        "gamma=0.90": {
          "rmse": 0.00254369480535388,
          "final_pred": 9.999999046325684,
          "analytic": 10.000000000000002,
          "abs_err": 9.536743181826068e-07
        },
        "gamma=0.99": {
          "rmse": 10.149560928344727,
          "final_pred": 99.99989318847656,
          "analytic": 99.99999999999991,
          "abs_err": 0.00010681152335223487
        }
      },
      "shared_indices": [
        0
      ],
      "independent_indices": [
        1,
        2,
        3
      ]
    },
    {
      "seed": 2,
      "n_steps": 2000,
      "runtime_s": 0.7027089595794678,
      "finite_metrics": true,
      "finite_errors": true,
      "per_gamma": {
        "gamma=0.00": {
          "rmse": 0.0,
          "final_pred": 1.0,
          "analytic": 1.0,
          "abs_err": 0.0
        },
        "gamma=0.50": {
          "rmse": 0.0,
          "final_pred": 2.0,
          "analytic": 2.0,
          "abs_err": 0.0
        },
        "gamma=0.90": {
          "rmse": 0.002543593989685178,
          "final_pred": 9.999998092651367,
          "analytic": 10.000000000000002,
          "abs_err": 1.907348634588857e-06
        },
        "gamma=0.99": {
          "rmse": 10.149853706359863,
          "final_pred": 100.00076293945312,
          "analytic": 99.99999999999991,
          "abs_err": 0.0007629394532102651
        }
      },
      "shared_indices": [
        0
      ],
      "independent_indices": [
        1,
        2,
        3
      ]
    },
    {
      "seed": 3,
      "n_steps": 2000,
      "runtime_s": 0.6125741004943848,
      "finite_metrics": true,
      "finite_errors": true,
      "per_gamma": {
        "gamma=0.00": {
          "rmse": 0.0,
          "final_pred": 1.0,
          "analytic": 1.0,
          "abs_err": 0.0
        },
        "gamma=0.50": {
          "rmse": 0.0,
          "final_pred": 2.0,
          "analytic": 2.0,
          "abs_err": 0.0
        },
        "gamma=0.90": {
          "rmse": 0.0025438976008445024,
          "final_pred": 10.0,
          "analytic": 10.000000000000002,
          "abs_err": 1.7763568394002505e-15
        },
        "gamma=0.99": {
          "rmse": 10.149519920349121,
          "final_pred": 99.9997787475586,
          "analytic": 99.99999999999991,
          "abs_err": 0.00022125244132098487
        }
      },
      "shared_indices": [
        0
      ],
      "independent_indices": [
        1,
        2,
        3
      ]
    },
    {
      "seed": 4,
      "n_steps": 2000,
      "runtime_s": 0.7734498977661133,
      "finite_metrics": true,
      "finite_errors": true,
      "per_gamma": {
        "gamma=0.00": {
          "rmse": 0.0,
          "final_pred": 1.0,
          "analytic": 1.0,
          "abs_err": 0.0
        },
        "gamma=0.50": {
          "rmse": 0.0,
          "final_pred": 2.0,
          "analytic": 2.0,
          "abs_err": 0.0
        },
        "gamma=0.90": {
          "rmse": 0.002544101793318987,
          "final_pred": 10.000000953674316,
          "analytic": 10.000000000000002,
          "abs_err": 9.536743146298932e-07
        },
        "gamma=0.99": {
          "rmse": 10.149502754211426,
          "final_pred": 99.99972534179688,
          "analytic": 99.99999999999991,
          "abs_err": 0.00027465820303973487
        }
      },
      "shared_indices": [
        0
      ],
      "independent_indices": [
        1,
        2,
        3
      ]
    }
  ]
}