{
  "baseline_reference": "outputs/step2_upgd_memory_opmnist_single_upgd_full/single_upgd_h128_800task_eval800views_results.json",
  "completed_full_task_blocks": 800,
  "completed_steps": 48000000,
  "created_at_utc": "2026-05-09T15:24:32.634850+00:00",
  "elapsed_s": 10262.125167369843,
  "hidden_size": 256,
  "matches_dohare_opmnist_core_protocol": true,
  "matches_dohare_opmnist_published_task_count": true,
  "methods": {
    "upgd_structure_softmax_h256_temp1p0": {
      "final_window_accuracy": 0.9182,
      "final_window_mse": 0.013597848352333651,
      "online_mean_accuracy": 0.8879909375,
      "online_mean_mse": 0.018378756161943472,
      "test_accuracy": 0.16075324587523937,
      "test_mse": 0.14598006144515238
    },
    "upgd_structure_softmax_h256_temp2p0": {
      "final_window_accuracy": 0.9182,
      "final_window_mse": 0.01245759538489802,
      "online_mean_accuracy": 0.8879909375,
      "online_mean_mse": 0.01655389142322529,
      "test_accuracy": 0.16075324587523937,
      "test_mse": 0.1277555523836054
    },
    "upgd_structure_softmax_h256_temp3p0": {
      "final_window_accuracy": 0.9182,
      "final_window_mse": 0.012762988944755489,
      "online_mean_accuracy": 0.8879909375,
      "online_mean_mse": 0.016648410758604612,
      "test_accuracy": 0.16075324587523937,
      "test_mse": 0.11433192978496663
    },
    "upgd_structure_softmax_h256_temp4p0": {
      "final_window_accuracy": 0.9182,
      "final_window_mse": 0.014897796191892122,
      "online_mean_accuracy": 0.8879909375,
      "online_mean_mse": 0.01883917722045767,
      "test_accuracy": 0.16075324587523937,
      "test_mse": 0.10510154943563975
    },
    "upgd_structure_softmax_h256_temp5p0": {
      "final_window_accuracy": 0.9182,
      "final_window_mse": 0.019374707420822233,
      "online_mean_accuracy": 0.8879909375,
      "online_mean_mse": 0.023329608206207414,
      "test_accuracy": 0.16075324587523937,
      "test_mse": 0.09911820069653914
    },
    "upgd_structure_softmax_h256_temp6p0": {
      "final_window_accuracy": 0.9182,
      "final_window_mse": 0.02562638230379671,
      "online_mean_accuracy": 0.8879909375,
      "online_mean_mse": 0.029410270442750013,
      "test_accuracy": 0.16075324587523937,
      "test_mse": 0.09539175599580631
    },
    "upgd_structure_softmax_h256_temp8p0": {
      "final_window_accuracy": 0.9182,
      "final_window_mse": 0.03889690138697624,
      "online_mean_accuracy": 0.8879909375,
      "online_mean_mse": 0.04201972964590435,
      "test_accuracy": 0.16075324587523937,
      "test_mse": 0.09166097053792327
    }
  },
  "schema": "alberta.step2.opmnist.temperature_sweep.v1",
  "temperatures": [
    1.0,
    2.0,
    3.0,
    4.0,
    5.0,
    6.0,
    8.0
  ],
  "test_permutation_views": 800,
  "test_views_cover_all_permutations": true
}