{
  "generated_at": "2026-05-06T20:29:19.072525",
  "threshold_steps_per_sec": 500.0,
  "n_configurations": 8,
  "n_passing": 0,
  "n_failing": 8,
  "n_errored": 0,
  "slowest_phase_counts": {
    "checkpoint": 8
  },
  "most_common_slowest_phase": "checkpoint",
  "slowest_configuration": {
    "features": "features",
    "n_demons": 25,
    "hidden_sizes": [
      32
    ],
    "steps_per_sec": 103.97432445553851,
    "slowest_phase": "checkpoint"
  },
  "results": [
    {
      "features": "no_features",
      "n_demons": 5,
      "hidden_sizes": [],
      "feature_dim": 8,
      "n_steps": 5000,
      "steps_per_sec": 399.24957981616643,
      "total_seconds": 12.523494708002545,
      "warmup_seconds": 0.5840637500077719,
      "phase_total_seconds": {
        "parse": 1.210627333188313,
        "predict": 0.6682715138886124,
        "update": 3.192314828687813,
        "serialize": 0.9689423020172399,
        "checkpoint": 6.476720289036166
      },
      "phase_mean_ms": {
        "parse": 0.2421254666376626,
        "predict": 0.13365430277772247,
        "update": 0.6384629657375627,
        "serialize": 0.19378846040344797,
        "checkpoint": 129.53440578072332
      },
      "n_checkpoints": 50,
      "slowest_phase": "checkpoint",
      "passes_gate": false,
      "error": ""
    },
    {
      "features": "no_features",
      "n_demons": 5,
      "hidden_sizes": [
        32
      ],
      "feature_dim": 8,
      "n_steps": 5000,
      "steps_per_sec": 343.5873208800832,
      "total_seconds": 14.552341417002026,
      "warmup_seconds": 0.6339389999920968,
      "phase_total_seconds": {
        "parse": 1.4166924627352273,
        "predict": 1.1395362159382785,
        "update": 4.695831450182595,
        "serialize": 1.0982225728221238,
        "checkpoint": 6.193168421945302
      },
      "phase_mean_ms": {
        "parse": 0.28333849254704546,
        "predict": 0.2279072431876557,
        "update": 0.9391662900365191,
        "serialize": 0.21964451456442474,
        "checkpoint": 123.86336843890604
      },
      "n_checkpoints": 50,
      "slowest_phase": "checkpoint",
      "passes_gate": false,
      "error": ""
    },
    {
      "features": "no_features",
      "n_demons": 25,
      "hidden_sizes": [],
      "feature_dim": 8,
      "n_steps": 5000,
      "steps_per_sec": 192.87586162925973,
      "total_seconds": 25.923409791997983,
      "warmup_seconds": 0.9989389999973355,
      "phase_total_seconds": {
        "parse": 1.6865384518314386,
        "predict": 1.4114062178705353,
        "update": 6.074792933504796,
        "serialize": 2.3248757810652023,
        "checkpoint": 14.417316748062149
      },
      "phase_mean_ms": {
        "parse": 0.3373076903662877,
        "predict": 0.28228124357410705,
        "update": 1.2149585867009591,
        "serialize": 0.4649751562130405,
        "checkpoint": 288.346334961243
      },
      "n_checkpoints": 50,
      "slowest_phase": "checkpoint",
      "passes_gate": false,
      "error": ""
    },
    {
      "features": "no_features",
      "n_demons": 25,
      "hidden_sizes": [
        32
      ],
      "feature_dim": 8,
      "n_steps": 5000,
      "steps_per_sec": 148.69536066287264,
      "total_seconds": 33.625796915992396,
      "warmup_seconds": 1.6117197499988833,
      "phase_total_seconds": {
        "parse": 1.9047347355954116,
        "predict": 3.308414836967131,
        "update": 10.626979547087103,
        "serialize": 2.6279886183619965,
        "checkpoint": 15.145760541010532
      },
      "phase_mean_ms": {
        "parse": 0.38094694711908234,
        "predict": 0.6616829673934262,
        "update": 2.1253959094174206,
        "serialize": 0.5255977236723993,
        "checkpoint": 302.91521082021063
      },
      "n_checkpoints": 50,
      "slowest_phase": "checkpoint",
      "passes_gate": false,
      "error": ""
    },
    {
      "features": "features",
      "n_demons": 5,
      "hidden_sizes": [],
      "feature_dim": 28,
      "n_steps": 5000,
      "steps_per_sec": 181.82756329390557,
      "total_seconds": 27.49858112500806,
      "warmup_seconds": 0.7130798330035759,
      "phase_total_seconds": {
        "parse": 2.7458132911269786,
        "predict": 1.4479187209508382,
        "update": 9.050407284827088,
        "serialize": 2.0572850624885177,
        "checkpoint": 12.186815252003726
      },
      "phase_mean_ms": {
        "parse": 0.5491626582253957,
        "predict": 0.28958374419016764,
        "update": 1.8100814569654176,
        "serialize": 0.41145701249770356,
        "checkpoint": 243.7363050400745
      },
      "n_checkpoints": 50,
      "slowest_phase": "checkpoint",
      "passes_gate": false,
      "error": ""
    },
    {
      "features": "features",
      "n_demons": 5,
      "hidden_sizes": [
        32
      ],
      "feature_dim": 28,
      "n_steps": 5000,
      "steps_per_sec": 223.46653853399,
      "total_seconds": 22.374714499994298,
      "warmup_seconds": 1.1162927920086076,
      "phase_total_seconds": {
        "parse": 1.8758251446997747,
        "predict": 2.023685330816079,
        "update": 8.36090441865963,
        "serialize": 1.6322031767340377,
        "checkpoint": 8.47183328801475
      },
      "phase_mean_ms": {
        "parse": 0.3751650289399549,
        "predict": 0.40473706616321575,
        "update": 1.6721808837319259,
        "serialize": 0.32644063534680756,
        "checkpoint": 169.436665760295
      },
      "n_checkpoints": 50,
      "slowest_phase": "checkpoint",
      "passes_gate": false,
      "error": ""
    },
    {
      "features": "features",
      "n_demons": 25,
      "hidden_sizes": [],
      "feature_dim": 28,
      "n_steps": 5000,
      "steps_per_sec": 144.33683008610873,
      "total_seconds": 34.641193082992686,
      "warmup_seconds": 1.4835518750041956,
      "phase_total_seconds": {
        "parse": 2.241653547695023,
        "predict": 3.1717812964634504,
        "update": 9.152953471129877,
        "serialize": 3.163803826959338,
        "checkpoint": 16.88578495506954
      },
      "phase_mean_ms": {
        "parse": 0.44833070953900456,
        "predict": 0.63435625929269,
        "update": 1.8305906942259753,
        "serialize": 0.6327607653918677,
        "checkpoint": 337.7156991013908
      },
      "n_checkpoints": 50,
      "slowest_phase": "checkpoint",
      "passes_gate": false,
      "error": ""
    },
    {
      "features": "features",
      "n_demons": 25,
      "hidden_sizes": [
        32
      ],
      "feature_dim": 28,
      "n_steps": 5000,
      "steps_per_sec": 103.97432445553851,
      "total_seconds": 48.088795250005205,
      "warmup_seconds": 1.5346119159949012,
      "phase_total_seconds": {
        "parse": 2.438519346542307,
        "predict": 5.6261032883194275,
        "update": 16.604725446362863,
        "serialize": 3.416336497204611,
        "checkpoint": 19.980584833945613
      },
      "phase_mean_ms": {
        "parse": 0.48770386930846144,
        "predict": 1.1252206576638855,
        "update": 3.3209450892725725,
        "serialize": 0.6832672994409222,
        "checkpoint": 399.61169667891227
      },
      "n_checkpoints": 50,
      "slowest_phase": "checkpoint",
      "passes_gate": false,
      "error": ""
    }
  ]
}