{
  "schema": "alberta.step11.oak_curation.v1",
  "accepted_step11_oak_curation": true,
  "accepted_step11_oak_valid_options": true,
  "accepted_step11_oak_curation_recovery": true,
  "solved_step11_full_research_scope": false,
  "claim_scope": "oak_utility_tracking_and_curation",
  "evidence": {
    "valid_oak_final_avg_reward": {
      "passed": true,
      "n_seeds": 10,
      "n_passed": 10,
      "mean_final_avg_reward": 1.0072615802288056,
      "threshold": 0.7,
      "per_seed": [
        1.024969458580017,
        0.9883070588111877,
        1.002558946609497,
        1.0027204751968384,
        0.9997985363006592,
        1.0068224668502808,
        1.0597476959228516,
        0.9997736811637878,
        0.9885479211807251,
        0.9993695616722107
      ]
    },
    "post_curation_recovery": {
      "passed": true,
      "n_seeds": 10,
      "n_passed": 8,
      "mean_final_avg_reward": 0.9350009202957154,
      "mean_replaced_option_utility_at_curate": 0.0,
      "threshold": 0.7,
      "curate_at_step": 2000,
      "per_seed": [
        1.0062733888626099,
        1.0237772464752197,
        1.046937346458435,
        0.5286708474159241,
        0.5380196571350098,
        1.1409612894058228,
        1.074184775352478,
        0.9757005572319031,
        1.0002846717834473,
        1.0151994228363037
      ]
    }
  },
  "elapsed_s": 378.7819242477417
}